Measure,Mean,Std
GDP-based,3.912287758288936,2.893070802738448
BEA average,3.91979290701537,2.6569054869461275
Optimal,3.920181138527159,2.656902093040251
BLS official,2.002883339943726,3.0776910713330095
